id,name,categ_id/id,purchase_ok,sale_ok,type,product_manager/id,property_account_income_id,property_account_expense_id,receipt_checklist,supplier_taxes_id,taxes_id,description_purchase
product_template_sa_SA-BankundPost(Beispielartikel),SA/FIN - Bank- und Post-Spesen,product_category_sa_BankundPost,True,False,consu,scenario.res_users_sgl,,,,TVA 8.0% sur invest. et autres ch. (Incl. TN),TVA due a 8.0% (TN),
product_template_sa_SA-AFEX,SA/FIN – Afex-Zahlung,product_category_sa_afex,True,False,consu,scenario.res_users_sgl,,,,,,
product_template_sa_SA-VISECA,SA/FIN – Viseca-Zahlung,product_category_sa_viseca,True,False,consu,scenario.res_users_sgl,,,,,,
product_template_sa_SA-EEV,SA/FIN – EEV-Zahlung,product_category_sa_eev,True,False,consu,scenario.res_users_sgl,,,,,,
product_template_sa_SA-EEV_Rückvergütung,SA/FIN – EEV-Rückvergütung,product_category_sa_eev,True,False,consu,scenario.res_users_sgl,3802,3802,,,,
product_template_sa_SA-EM,SA/FIN – EM-Zahlung,product_category_sa_eev,True,False,consu,scenario.res_users_sgl,,,,,,
product_template_sa_SA-EnergieundEntsorgung(Beispielartikel),SA/FIN - Energie und Entsorgung,product_category_sa_EnergieundEntsorgung,True,False,consu,scenario.res_users_sgl,,,,TVA 8.0% sur invest. et autres ch. (Incl. TN),TVA due a 8.0% (TN),
product_template_sa_SA-Gebühren/Abgaben(Beispielartikel),SA/FIN - Gebühren / Abgaben,product_category_sa_Gebühren/Abgaben,True,False,consu,scenario.res_users_sgl,,,,TVA 8.0% sur invest. et autres ch. (Incl. TN),TVA due a 8.0% (TN),
product_template_sa_SA-Miete(Beispielartikel),SA/FIN - Miete,product_category_sa_Miete,True,False,consu,scenario.res_users_sgl,,,,TVA 8.0% sur invest. et autres ch. (Incl. TN),TVA due a 8.0% (TN),
product_template_sa_SA-Versicherungen(Beispielartikel),SA/FIN - Versicherungen,product_category_sa_Versicherungen,True,False,consu,scenario.res_users_sgl,,,,TVA 8.0% sur invest. et autres ch. (Incl. TN),TVA due a 8.0% (TN),
product_template_sa_SA-Verwaltung(Beispielartikel),SA/FIN - Verwaltung,product_category_sa_Verwaltung,True,False,consu,scenario.res_users_sgl,,,,TVA 8.0% sur invest. et autres ch. (Incl. TN),TVA due a 8.0% (TN),
product_template_sa_SA-Porti(Beispielartikel),SA/FIN - Porti,product_category_sa_Porti,True,False,consu,scenario.res_users_sgl,,,,TVA 8.0% sur invest. et autres ch. (Incl. TN),TVA due a 8.0% (TN),
product_template_sa_SA-SpesenundKommissionen(Beispielartikel),SA/FIN - Spesen und Kommissionen,product_category_sa_SpesenundKommissionen,True,False,consu,scenario.res_users_sgl,,,,TVA 8.0% sur invest. et autres ch. (Incl. TN),TVA due a 8.0% (TN),
product_template_sa_SA-BenzinFahrzeuge(Beispielartikel),SA/FIN - Benzin Fahrzeuge,product_category_sa_BenzinFahrzeuge,True,False,consu,scenario.res_users_sgl,,,,TVA 8.0% sur invest. et autres ch. (Incl. TN),TVA due a 8.0% (TN),
product_template_sa_SA-Entsorgung/Kehricht(Beispielartikel),SA/FIN - Entsorgung / Kehricht,product_category_sa_Entsorgung/Kehricht,True,False,consu,scenario.res_users_sgl,,,,TVA 8.0% sur invest. et autres ch. (Incl. TN),TVA due a 8.0% (TN),
product_template_sa_SA-Strom(Beispielartikel),SA/FIN - Strom,product_category_sa_Strom,True,False,consu,scenario.res_users_sgl,,,,TVA 8.0% sur invest. et autres ch. (Incl. TN),TVA due a 8.0% (TN),
product_template_sa_SA-Gebühren/Abgabendivers(Beispielartikel),SA/FIN - Gebühren / Abgaben divers,product_category_sa_Gebühren/Abgabendivers,True,False,consu,scenario.res_users_sgl,,,,TVA 8.0% sur invest. et autres ch. (Incl. TN),TVA due a 8.0% (TN),
product_template_sa_SA-vstwaren,SA/FIN - Vorsteuer Material / Waren / DL / Energie,product_category_sa_vstwaren,True,False,consu,scenario.res_users_sgl,,,,TVA 8.0% sur invest. et autres ch. (Incl. TN),TVA due a 8.0% (TN),
product_template_sa_SA-vstinvest,"SA/FIN - Vorsteuer Investitionen, übriger Betriebsaufwand",product_category_sa_vstinvest,True,False,consu,scenario.res_users_sgl,,,,TVA 8.0% sur invest. et autres ch. (Incl. TN),TVA due a 8.0% (TN),
product_template_sa_SA-Verkehrsabgaben(Beispielartikel),SA/FIN - Verkehrsabgaben,product_category_sa_Verkehrsabgaben,True,False,consu,scenario.res_users_sgl,,,,TVA 8.0% sur invest. et autres ch. (Incl. TN),TVA due a 8.0% (TN),
product_template_sa_SA-Büromietzinsen(Beispielartikel),SA/FIN - Büromietzinsen,product_category_sa_Büromietzinsen,True,False,consu,scenario.res_users_sgl,,,,TVA 8.0% sur invest. et autres ch. (Incl. TN),TVA due a 8.0% (TN),
product_template_sa_SA-Lagermietzinsen(Beispielartikel),SA/FIN - Lagermietzinsen,product_category_sa_Lagermietzinsen,True,False,consu,scenario.res_users_sgl,,,,TVA 8.0% sur invest. et autres ch. (Incl. TN),TVA due a 8.0% (TN),
product_template_sa_SA-MieteParkplätze(Beispielartikel),SA/FIN - Miete Parkplätze,product_category_sa_MieteParkplätze,True,False,consu,scenario.res_users_sgl,,,,TVA 8.0% sur invest. et autres ch. (Incl. TN),TVA due a 8.0% (TN),
product_template_sa_SA-AHV/IV/EO(Beispielartikel),SA/FIN - AHV / IV / EO,product_category_sa_AHV/IV/EO,True,False,consu,scenario.res_users_sgl,,,,TVA 8.0% sur invest. et autres ch. (Incl. TN),TVA due a 8.0% (TN),
product_template_sa_SA-ALV(Beispielartikel),SA/FIN - ALV,product_category_sa_ALV,True,False,consu,scenario.res_users_sgl,,,,TVA 8.0% sur invest. et autres ch. (Incl. TN),TVA due a 8.0% (TN),
product_template_sa_SA-Fahrzeugversicherungen(Beispielartikel),SA/FIN - Fahrzeugversicherungen,product_category_sa_Fahrzeugversicherungen,True,False,consu,scenario.res_users_sgl,,,,TVA 8.0% sur invest. et autres ch. (Incl. TN),TVA due a 8.0% (TN),
product_template_sa_SA-Haftpflichtversicherung(Beispielartikel),SA/FIN - Haftpflichtversicherung,product_category_sa_Haftpflichtversicherung,True,False,consu,scenario.res_users_sgl,,,,TVA 8.0% sur invest. et autres ch. (Incl. TN),TVA due a 8.0% (TN),
product_template_sa_SA-Krankentaggeldversicherung(Beispielartikel),SA/FIN - Krankentaggeldversicherung,product_category_sa_Krankentaggeldversicherung,True,False,consu,scenario.res_users_sgl,,,,TVA 8.0% sur invest. et autres ch. (Incl. TN),TVA due a 8.0% (TN),
product_template_sa_SA-PensionskasseBVG(Beispielartikel),SA/FIN - Pensionskasse BVG,product_category_sa_PensionskasseBVG,True,False,consu,scenario.res_users_sgl,,,,TVA 8.0% sur invest. et autres ch. (Incl. TN),TVA due a 8.0% (TN),
product_template_sa_SA-Sachversicherungen(Beispielartikel),SA/FIN - Sachversicherungen,product_category_sa_Sachversicherungen,True,False,consu,scenario.res_users_sgl,,,,TVA 8.0% sur invest. et autres ch. (Incl. TN),TVA due a 8.0% (TN),
product_template_sa_SA-Transportversicherung(Beispielartikel),SA/FIN - Transportversicherung,product_category_sa_Transportversicherung,True,False,consu,scenario.res_users_sgl,,,,TVA 8.0% sur invest. et autres ch. (Incl. TN),TVA due a 8.0% (TN),
product_template_sa_SA-Unfallversicherung(Beispielartikel),SA/FIN - Unfallversicherung,product_category_sa_Unfallversicherung,True,False,consu,scenario.res_users_sgl,,,,TVA 8.0% sur invest. et autres ch. (Incl. TN),TVA due a 8.0% (TN),
product_template_sa_SA-Beratung(Beispielartikel),SA/FIN - Beratung,product_category_sa_Beratung,True,False,consu,scenario.res_users_sgl,,,,TVA 8.0% sur invest. et autres ch. (Incl. TN),TVA due a 8.0% (TN),
product_template_sa_SA-Bücher/Zeitschriften(Beispielartikel),SA/FIN - Bücher / Zeitschriften,product_category_sa_Bücher/Zeitschriften,True,False,consu,scenario.res_users_sgl,,,,TVA 8.0% sur invest. et autres ch. (Incl. TN),TVA due a 8.0% (TN),
product_template_sa_SA-Revisionsstelle(Beispielartikel),SA/FIN - Revisionsstelle,product_category_sa_Revisionsstelle,True,False,consu,scenario.res_users_sgl,,,,TVA 8.0% sur invest. et autres ch. (Incl. TN),TVA due a 8.0% (TN),
product_template_sa_SA-Verbandsbeiträge(Beispielartikel),SA/FIN - Verbandsbeiträge,product_category_sa_Verbandsbeiträge,True,False,consu,scenario.res_users_sgl,,,,TVA 8.0% sur invest. et autres ch. (Incl. TN),TVA due a 8.0% (TN),
product_template_sa_SA-AnschaffungenHR(Beispielartikel),SA/HR - Anschaffungen HR,product_category_sa_AnschaffungenHR,True,False,consu,scenario.res_users_cfr,,,,TVA 8.0% sur invest. et autres ch. (Incl. TN),TVA due a 8.0% (TN),
product_template_sa_SA-Personal(Beispielartikel),SA/HR - Personal,product_category_sa_Personal,True,False,consu,scenario.res_users_cfr,,,,TVA 8.0% sur invest. et autres ch. (Incl. TN),TVA due a 8.0% (TN),
product_template_sa_SA-KleininvestitionenBüro-/Verwaltung(Beispielartikel),SA/HR - Kleininvestitionen Büro-/Verwaltung,product_category_sa_KleininvestitionenBüro-/Verwaltung,True,False,consu,scenario.res_users_cfr,,,,TVA 8.0% sur invest. et autres ch. (Incl. TN),TVA due a 8.0% (TN),
product_template_sa_SA-KleininvestitionenGarage-/Parkplätze(Beispielartikel),SA/HR - Kleininvestitionen Garage-/Parkplätze,product_category_sa_KleininvestitionenGarage-/Parkplätze,True,False,consu,scenario.res_users_cfr,,,,TVA 8.0% sur invest. et autres ch. (Incl. TN),TVA due a 8.0% (TN),
product_template_sa_SA-EventsfürMitarbeiter(Beispielartikel),SA/HR - Events für Mitarbeiter,product_category_sa_EventsfürMitarbeiter,True,False,consu,scenario.res_users_cfr,,,,TVA 8.0% sur invest. et autres ch. (Incl. TN),TVA due a 8.0% (TN),
product_template_sa_SA-GeschenkeanMitarbeiter(Beispielartikel),SA/HR - Geschenke an Mitarbeiter,product_category_sa_GeschenkeanMitarbeiter,True,False,consu,scenario.res_users_cfr,,,,TVA 8.0% sur invest. et autres ch. (Incl. TN),TVA due a 8.0% (TN),
product_template_sa_SA-VerpflegungMitarbeiterHR(Beispielartikel),SA/HR - Verpflegung Mitarbeiter HR,product_category_sa_VerpflegungMitarbeiterHR,True,False,consu,scenario.res_users_cfr,,,,TVA 8.0% sur invest. et autres ch. (Incl. TN),TVA due a 8.0% (TN),
product_template_sa_SA-Unterhalt/Reparatur(Beispielartikel),SA/HR - Unterhalt / Reparatur,product_category_sa_Unterhalt/Reparatur,True,False,consu,scenario.res_users_cfr,,,,TVA 8.0% sur invest. et autres ch. (Incl. TN),TVA due a 8.0% (TN),
product_template_sa_SA-AnschaffungenProduktion(Beispielartikel),SA/LOG - Anschaffungen Produktion,product_category_sa_AnschaffungenProduktion,True,False,consu,scenario.res_users_mwy,,,,TVA 8.0% sur invest. et autres ch. (Incl. TN),TVA due a 8.0% (TN),
product_template_sa_SA-BüroundVerwaltung(Beispielartikel),SA/LOG - Büro und Verwaltung,product_category_sa_BüroundVerwaltung,True,False,consu,scenario.res_users_mwy,,,,TVA 8.0% sur invest. et autres ch. (Incl. TN),TVA due a 8.0% (TN),
product_template_sa_SA-Hilfsmaterial(Beispielartikel),SA/LOG - Hilfsmaterial,product_category_sa_Hilfsmaterial,True,False,consu,scenario.res_users_mwy,,,,TVA 8.0% sur invest. et autres ch. (Incl. TN),TVA due a 8.0% (TN),
product_template_sa_SA-MessenundAusbildungLOG(Beispielartikel),SA/LOG - Messen und Ausbildung LOG,product_category_sa_MessenundAusbildungLOG,True,False,consu,scenario.res_users_mwy,,,,TVA 8.0% sur invest. et autres ch. (Incl. TN),TVA due a 8.0% (TN),
product_template_sa_SA-Unterhalt/ReparaturenLOG(Beispielartikel),SA/LOG - Unterhalt / Reparaturen LOG,product_category_sa_Unterhalt/ReparaturenLOG,True,False,consu,scenario.res_users_mwy,,,,TVA 8.0% sur invest. et autres ch. (Incl. TN),TVA due a 8.0% (TN),
product_template_sa_SA-AusgangsfrachtenundPorti(Beispielartikel),SA/LOG - Ausgangsfrachten und Porti,product_category_sa_AusgangsfrachtenundPorti,True,False,consu,scenario.res_users_mwy,,,,TVA 8.0% sur invest. et autres ch. (Incl. TN),TVA due a 8.0% (TN),
product_template_sa_SA-Wareneingang(Beispielartikel),SA/LOG - Wareneingang,product_category_sa_Wareneingang,True,False,consu,scenario.res_users_mwy,,,,TVA 8.0% sur invest. et autres ch. (Incl. TN),TVA due a 8.0% (TN),
product_template_sa_SA-Büromobiliar/Büroeinrichtung(Beispielartikel),SA/LOG - Büromobiliar / Büroeinrichtung,product_category_sa_Büromobiliar/Büroeinrichtung,True,False,consu,scenario.res_users_mwy,,,,TVA 8.0% sur invest. et autres ch. (Incl. TN),TVA due a 8.0% (TN),
product_template_sa_SA-KleininvestitionenBüro(<Fr1500)(Beispielartikel),SA/LOG - Kleininvestitionen Büro (< Fr. 1500),product_category_sa_KleininvestitionenBüro(<Fr.1500),True,False,consu,scenario.res_users_mwy,,,,TVA 8.0% sur invest. et autres ch. (Incl. TN),TVA due a 8.0% (TN),
product_template_sa_SA-Kleininvestitionendivers(<Fr1500)(Beispielartikel),SA/LOG - Kleininvestitionen divers (< Fr. 1500),product_category_sa_Kleininvestitionendivers(<Fr.1500),True,False,consu,scenario.res_users_mwy,,,,TVA 8.0% sur invest. et autres ch. (Incl. TN),TVA due a 8.0% (TN),
product_template_sa_SA-KleininvestitionenLagerbis(<Fr1500)(Beispielartikel),SA/LOG - Kleininvestitionen Lager bis (< Fr. 1500),product_category_sa_KleininvestitionenLagerbis(<Fr.1500),True,False,consu,scenario.res_users_mwy,,,,TVA 8.0% sur invest. et autres ch. (Incl. TN),TVA due a 8.0% (TN),
product_template_sa_SA-Lagermobiliar/Lagereinrichtung(Beispielartikel),SA/LOG - Lagermobiliar / Lagereinrichtung,product_category_sa_Lagermobiliar/Lagereinrichtung,True,False,consu,scenario.res_users_mwy,,,,TVA 8.0% sur invest. et autres ch. (Incl. TN),TVA due a 8.0% (TN),
product_template_sa_SA-Büromaterial(Beispielartikel),SA/LOG - Büromaterial,product_category_sa_Büromaterial,True,False,consu,scenario.res_users_mwy,,,,TVA 8.0% sur invest. et autres ch. (Incl. TN),TVA due a 8.0% (TN),
product_template_sa_SA-Kehrricht(Beispielartikel),SA/LOG - Kehrricht,product_category_sa_Kehrricht,True,False,consu,scenario.res_users_mwy,,,,TVA 8.0% sur invest. et autres ch. (Incl. TN),TVA due a 8.0% (TN),
product_template_sa_SA-Reinigung/Reinigungsmaterial(Beispielartikel),SA/LOG - Reinigung/Reinigungsmaterial,product_category_sa_Reinigung/Reinigungsmaterial,True,False,consu,scenario.res_users_mwy,,,,TVA 8.0% sur invest. et autres ch. (Incl. TN),TVA due a 8.0% (TN),
product_template_sa_SA-ÜbrigerBüroaufwand(Beispielartikel),SA/LOG - Übriger Büroaufwand,product_category_sa_ÜbrigerBüroaufwand,True,False,consu,scenario.res_users_mwy,,,,TVA 8.0% sur invest. et autres ch. (Incl. TN),TVA due a 8.0% (TN),
product_template_sa_SA-VerpflegungMitarbeiterLOG(Beispielartikel),SA/LOG - Verpflegung Mitarbeiter LOG,product_category_sa_VerpflegungMitarbeiterLOG,True,False,consu,scenario.res_users_mwy,,,,TVA 8.0% sur invest. et autres ch. (Incl. TN),TVA due a 8.0% (TN),
product_template_sa_SA-BeschriftungEtiketten(Beispielartikel),SA/LOG - Beschriftung Etiketten,product_category_sa_BeschriftungEtiketten,True,False,consu,scenario.res_users_mwy,,,,TVA 8.0% sur invest. et autres ch. (Incl. TN),TVA due a 8.0% (TN),
product_template_sa_SA-EinkaufHilfsmaterial(Beispielartikel),SA/LOG - Einkauf Hilfsmaterial,product_category_sa_EinkaufHilfsmaterial,True,False,consu,scenario.res_users_mwy,,,,TVA 8.0% sur invest. et autres ch. (Incl. TN),TVA due a 8.0% (TN),
product_template_sa_SA-Verpackungsmaterial(Beispielartikel),SA/LOG - Verpackungsmaterial,product_category_sa_Verpackungsmaterial,True,False,consu,scenario.res_users_mwy,,,,TVA 8.0% sur invest. et autres ch. (Incl. TN),TVA due a 8.0% (TN),
product_template_sa_SA-Ausbildungsmaterial(Beispielartikel),SA/LOG - Ausbildungsmaterial,product_category_sa_Ausbildungsmaterial,True,False,consu,scenario.res_users_mwy,,,,TVA 8.0% sur invest. et autres ch. (Incl. TN),TVA due a 8.0% (TN),
product_template_sa_SA-Messematerial/Dienstleistungen(Beispielartikel),SA/LOG - Messematerial/Dienstleistungen,product_category_sa_Messematerial/Dienstleistungen,True,False,consu,scenario.res_users_mwy,,,,TVA 8.0% sur invest. et autres ch. (Incl. TN),TVA due a 8.0% (TN),
product_template_sa_SA-Mietzins/Büromobilien(Beispielartikel),SA/LOG - Mietzins/Büromobilien,product_category_sa_Mietzins/Büromobilien,True,False,consu,scenario.res_users_mwy,,,,TVA 8.0% sur invest. et autres ch. (Incl. TN),TVA due a 8.0% (TN),
product_template_sa_SA-Unterhalt/ReparaturBüro(Beispielartikel),SA/LOG - Unterhalt / Reparatur Büro,product_category_sa_Unterhalt/ReparaturBüro,True,False,consu,scenario.res_users_mwy,,,,TVA 8.0% sur invest. et autres ch. (Incl. TN),TVA due a 8.0% (TN),
product_template_sa_SA-Unterhalt/Reparaturdivers(Beispielartikel),SA/LOG - Unterhalt / Reparatur divers,product_category_sa_Unterhalt/Reparaturdivers,True,False,consu,scenario.res_users_mwy,,,,TVA 8.0% sur invest. et autres ch. (Incl. TN),TVA due a 8.0% (TN),
product_template_sa_SA-Unterhalt/ReparaturLager(Beispielartikel),SA/LOG - Unterhalt / Reparatur Lager,product_category_sa_Unterhalt/ReparaturLager,True,False,consu,scenario.res_users_mwy,,,,TVA 8.0% sur invest. et autres ch. (Incl. TN),TVA due a 8.0% (TN),
product_template_sa_SA-Unterhalt/ReparaturFahrzeuge(Beispielartikel),SA/LOG - Unterhalt /Reparatur Fahrzeuge,product_category_sa_Unterhalt/ReparaturFahrzeuge,True,False,consu,scenario.res_users_mwy,,,,TVA 8.0% sur invest. et autres ch. (Incl. TN),TVA due a 8.0% (TN),
product_template_sa_SA-Eingangsfrachten(Beispielartikel),SA/LOG - Eingangsfrachten,product_category_sa_Eingangsfrachten,True,False,consu,scenario.res_users_mwy,,,,TVA 8.0% sur invest. et autres ch. (Incl. TN),TVA due a 8.0% (TN),
product_template_sa_SA-Eingangsspedition(Beispielartikel),SA/LOG - Eingangsspedition,product_category_sa_Eingangsspedition,True,False,consu,scenario.res_users_mwy,,,,TVA 8.0% sur invest. et autres ch. (Incl. TN),TVA due a 8.0% (TN),
product_template_sa_SA-Eingangzölle(Beispielartikel),SA/LOG - Einfuhrzölle IL,product_category_sa_Eingangzölle,True,False,consu,scenario.res_users_mwy,,,,TVA 8.0% sur invest. et autres ch. (Incl. TN),TVA due a 8.0% (TN),
product_template_sa_SA-zollbeg,SA/LOG - Einfuhrzölle BEG,product_category_sa_zollbeg,True,False,consu,scenario.res_users_sgl,,,,TVA 8.0% sur invest. et autres ch. (Incl. TN),TVA due a 8.0% (TN),
product_template_sa_SA-zolldivers,SA/LOG - Einfuhrzölle divers,product_category_sa_zolldivers,True,False,consu,scenario.res_users_sgl,,,,TVA 8.0% sur invest. et autres ch. (Incl. TN),TVA due a 8.0% (TN),
product_template_sa_SA-Rabatte/PreisnachlässeP,SA/LOG - Einkaufspreisminderung Rabatte Produktion,product_category_sa_Rabatte/PreisnachlässeP,True,False,consu,scenario.res_users_mwy,,,,TVA 8.0% sur achat B&S (TN),TVA due a 8.0% (TN),
product_template_sa_SA-Rabatte/PreisnachlässeH,SA/LOG - Einkaufspreisminderung Rabatte Handel,product_category_sa_Rabatte/PreisnachlässeH,True,False,consu,scenario.res_users_mwy,,,,TVA 8.0% sur achat B&S (TN),TVA due a 8.0% (TN),
product_template_sa_SA-Rabatte/SkontiP,SA/LOG - Einkaufspreisminderung Skonti Produktion,product_category_sa_Rabatte/SkontiP,True,False,consu,scenario.res_users_mwy,,,,TVA 8.0% sur achat B&S (TN),TVA due a 8.0% (TN),
product_template_sa_SA-Rabatte/SkontiH,SA/LOG - Einkaufspreisminderung Skonti Handel,product_category_sa_Rabatte/SkontiH,True,False,consu,scenario.res_users_mwy,,,,TVA 8.0% sur achat B&S (TN),TVA due a 8.0% (TN),
product_template_sa_SA-Rabatte/UmsatzrückP,SA/LOG - Einkaufspreisminderung Umsatzrückvergütungen Produktion,product_category_sa_Rabatte/UmsatzrückP,True,False,consu,scenario.res_users_mwy,,,,TVA 8.0% sur achat B&S (TN),TVA due a 8.0% (TN),
product_template_sa_SA-Rabatte/UmsatzrückH,SA/LOG - Einkaufspreisminderung Umsatzrückvergütungen Handel,product_category_sa_Rabatte/UmsatzrückH,True,False,consu,scenario.res_users_mwy,,,,TVA 8.0% sur achat B&S (TN),TVA due a 8.0% (TN),
product_template_sa_SA-Rabatte/KursdiffP,SA/LOG - Einkaufspreisminderung Kursdifferenzen Produktion,product_category_sa_Rabatte/KursdiffP,True,False,consu,scenario.res_users_mwy,,,,TVA 8.0% sur achat B&S (TN),TVA due a 8.0% (TN),
product_template_sa_SA-Rabatte/KursdiffH,SA/LOG - Einkaufspreisminderung Kursdifferenzen Handel,product_category_sa_Rabatte/KursdiffH,True,False,consu,scenario.res_users_mwy,,,,TVA 8.0% sur achat B&S (TN),TVA due a 8.0% (TN),
product_template_sa_SA-BeratungundAnalyse(Beispielartikel),SA/MA - Beratung und Analyse,product_category_sa_BeratungundAnalyse,True,False,consu,scenario.res_users_bsc,,,,TVA 8.0% sur invest. et autres ch. (Incl. TN),TVA due a 8.0% (TN),
product_template_sa_SA-MessenundAusbildungMA(Beispielartikel),SA/MA - Messen und Ausbildung MA,product_category_sa_MessenundAusbildungMA,True,False,consu,scenario.res_users_bsc,,,,TVA 8.0% sur invest. et autres ch. (Incl. TN),TVA due a 8.0% (TN),
product_template_sa_SA-Mitgliedschaften(Beispielartikel),SA/MA - Mitgliedschaften,product_category_sa_Mitgliedschaften,True,False,consu,scenario.res_users_bsc,,,,TVA 8.0% sur invest. et autres ch. (Incl. TN),TVA due a 8.0% (TN),
product_template_sa_SA-Publikationen(Beispielartikel),SA/MA - Publikationen,product_category_sa_Publikationen,True,False,consu,scenario.res_users_bsc,,,,TVA 8.0% sur invest. et autres ch. (Incl. TN),TVA due a 8.0% (TN),
product_template_sa_SA-Marktanalysen(Beispielartikel),SA/MA - Marktanalysen,product_category_sa_Marktanalysen,True,False,consu,scenario.res_users_bsc,,,,TVA 8.0% sur invest. et autres ch. (Incl. TN),TVA due a 8.0% (TN),
product_template_sa_SA-Werbeberatung(Beispielartikel),SA/MA - Werbeberatung,product_category_sa_Werbeberatung,True,False,consu,scenario.res_users_bsc,,,,TVA 8.0% sur invest. et autres ch. (Incl. TN),TVA due a 8.0% (TN),
product_template_sa_SA-Fachmessen/Ausstellungen(Beispielartikel),SA/MA - Fachmessen / Ausstellungen,product_category_sa_Fachmessen/Ausstellungen,True,False,consu,scenario.res_users_bsc,,,,TVA 8.0% sur invest. et autres ch. (Incl. TN),TVA due a 8.0% (TN),
product_template_sa_SA-Schulungs-undAusbildungsmaterialMA(Beispielartikel),SA/MA - Schulungs- und Ausbildungsmaterial,product_category_sa_Schulungs-undAusbildungsmaterialMA,True,False,consu,scenario.res_users_bsc,,,,TVA 8.0% sur invest. et autres ch. (Incl. TN),TVA due a 8.0% (TN),
product_template_sa_SA-Datenbank-Mitgliedschaften(Beispielartikel),SA/MA - Datenbank-Mitgliedschaften,product_category_sa_Datenbank-Mitgliedschaften,True,False,consu,scenario.res_users_bsc,,,,TVA 8.0% sur invest. et autres ch. (Incl. TN),TVA due a 8.0% (TN),
product_template_sa_SA-Marketing-Mitgliedschaften(Beispielartikel),SA/MA - Marketing-Mitgliedschaften,product_category_sa_Marketing-Mitgliedschaften,True,False,consu,scenario.res_users_bsc,,,,TVA 8.0% sur invest. et autres ch. (Incl. TN),TVA due a 8.0% (TN),
product_template_sa_SA-Sponsoring(Beispielartikel),SA/MA - Sponsoring,product_category_sa_Sponsoring,True,False,consu,scenario.res_users_bsc,,,,TVA 8.0% sur invest. et autres ch. (Incl. TN),TVA due a 8.0% (TN),
product_template_sa_SA-Werbeeinträge(Beispielartikel),SA/MA - Werbeeinträge,product_category_sa_Werbeeinträge,True,False,consu,scenario.res_users_bsc,,,,TVA 8.0% sur invest. et autres ch. (Incl. TN),TVA due a 8.0% (TN),
product_template_sa_SA-Werbedrucksachen(Beispielartikel),SA/MA - Werbedrucksachen,product_category_sa_Werbedrucksachen,True,False,consu,scenario.res_users_mgl,,,,TVA 8.0% sur invest. et autres ch. (Incl. TN),TVA due a 8.0% (TN),
product_template_sa_SA-Inserate(Beispielartikel),SA/MA - Inserate,product_category_sa_Inserate,True,False,consu,scenario.res_users_mgl,,,,TVA 8.0% sur invest. et autres ch. (Incl. TN),TVA due a 8.0% (TN),
product_template_sa_SA-PublikationeninFachzeitschriften(Beispielartikel),SA/MA - Publikationen in Fachzeitschriften,product_category_sa_PublikationeninFachzeitschriften,True,False,consu,scenario.res_users_mgl,,,,TVA 8.0% sur invest. et autres ch. (Incl. TN),TVA due a 8.0% (TN),
product_template_sa_SA-Reklameartikel/Muster(Beispielartikel),SA/MA - Reklameartikel / Muster,product_category_sa_Reklameartikel/Muster,True,False,consu,scenario.res_users_mgl,,,,TVA 8.0% sur invest. et autres ch. (Incl. TN),TVA due a 8.0% (TN),
product_template_sa_SA-Übersetzungen(Beispielartikel),SA/MA - Übersetzungen,product_category_sa_Übersetzungen,True,False,consu,scenario.res_users_mgl,,,,TVA 8.0% sur invest. et autres ch. (Incl. TN),TVA due a 8.0% (TN),
product_template_sa_SA-Versand-undVerpackungsspesenfürWerbeversände(Beispielartikel),SA/MA - Versand- und Verpackungsspesen für Werbeversände,product_category_sa_Versand-undVerpackungsspesenfürWerbeversände,True,False,consu,scenario.res_users_mgl,,,,TVA 8.0% sur invest. et autres ch. (Incl. TN),TVA due a 8.0% (TN),
product_template_sa_SA-Werbedrucksachen/Werbematerial(Beispielartikel),SA/MA - Werbedrucksachen / Werbematerial,product_category_sa_Werbedrucksachen/Werbematerial,True,False,consu,scenario.res_users_mgl,,,,TVA 8.0% sur invest. et autres ch. (Incl. TN),TVA due a 8.0% (TN),
product_template_sa_SA-BeratungsdienstleistungIS(Beispielartikel),SA/IS - Beratungsdienstleistung IS,product_category_sa_BeratungsdienstleistungIS,True,False,consu,scenario.res_users_rgl,,,,TVA 8.0% sur invest. et autres ch. (Incl. TN),TVA due a 8.0% (TN),
product_template_sa_SA-Schulung/Erstausbildung(Beispielartikel),SA/IS - Schulung / Erstausbildung,product_category_sa_Schulung/Erstausbildung,True,False,consu,scenario.res_users_rgl,,,,TVA 8.0% sur invest. et autres ch. (Incl. TN),TVA due a 8.0% (TN),
product_template_sa_SA-AnschaffungIS(Beispielartikel),SA/IS - Anschaffung IS,product_category_sa_AnschaffungIS,True,False,consu,scenario.res_users_rgl,,,,TVA 8.0% sur invest. et autres ch. (Incl. TN),TVA due a 8.0% (TN),
product_template_sa_SA-MieteIS(Beispielartikel),SA/IS - Miete IS,product_category_sa_MieteIS,True,False,consu,scenario.res_users_rgl,,,,TVA 8.0% sur invest. et autres ch. (Incl. TN),TVA due a 8.0% (TN),
product_template_sa_SA-WartungIS(Beispielartikel),SA/IS - Wartung IS,product_category_sa_WartungIS,True,False,consu,scenario.res_users_rgl,,,,TVA 8.0% sur invest. et autres ch. (Incl. TN),TVA due a 8.0% (TN),
product_template_sa_SA-SupportIS(Beispielartikel),SA/IS - Support IS,product_category_sa_SupportIS,True,False,consu,scenario.res_users_rgl,,,,TVA 8.0% sur invest. et autres ch. (Incl. TN),TVA due a 8.0% (TN),
product_template_sa_SA-BeratungsdienstleistungIT(Beispielartikel),SA/IS/IT- Beratungsdienstleistung IT,product_category_sa_BeratungsdienstleistungIT,True,False,consu,scenario.res_users_rgl,,,,TVA 8.0% sur invest. et autres ch. (Incl. TN),TVA due a 8.0% (TN),
product_template_sa_SA-Hosting(Beispielartikel),SA/IS/IT - Hosting,product_category_sa_Hosting,True,False,consu,scenario.res_users_rgl,,,,TVA 8.0% sur invest. et autres ch. (Incl. TN),TVA due a 8.0% (TN),
product_template_sa_SA-SchulungIT(Beispielartikel),SA/IS/IT - Schulung IT,product_category_sa_SchulungIT,True,False,consu,scenario.res_users_rgl,,,,TVA 8.0% sur invest. et autres ch. (Incl. TN),TVA due a 8.0% (TN),
product_template_sa_SA-AnschaffungIT(Beispielartikel),SA/IS/IT - Anschaffung IT,product_category_sa_AnschaffungIT,True,False,consu,scenario.res_users_rgl,,,,TVA 8.0% sur invest. et autres ch. (Incl. TN),TVA due a 8.0% (TN),
product_template_sa_SA-MieteIT(Beispielartikel),SA/IS/IT - Miete IT,product_category_sa_MieteIT,True,False,consu,scenario.res_users_rgl,,,,TVA 8.0% sur invest. et autres ch. (Incl. TN),TVA due a 8.0% (TN),
product_template_sa_SA-WartungIT(Beispielartikel),SA/IS/IT - Wartung IT,product_category_sa_WartungIT,True,False,consu,scenario.res_users_rgl,,,,TVA 8.0% sur invest. et autres ch. (Incl. TN),TVA due a 8.0% (TN),
product_template_sa_SA-Disketten/CD/Tape/Verbrauchsmaterial(Beispielartikel),SA/IS/IT - Disketten / CD / Tape / Verbrauchsmaterial,product_category_sa_Disketten/CD/Tape/Verbrauchsmaterial,True,False,consu,scenario.res_users_rgl,,,,TVA 8.0% sur invest. et autres ch. (Incl. TN),TVA due a 8.0% (TN),
product_template_sa_SA-KleininvestitionenIT(Beispielartikel),SA/IS/IT - Kleininvestitionen IT,product_category_sa_KleininvestitionenIT,True,False,consu,scenario.res_users_rgl,,,,TVA 8.0% sur invest. et autres ch. (Incl. TN),TVA due a 8.0% (TN),
product_template_sa_SA-Papier/Couverts/Etiketten/â€¦(Beispielartikel),SA/IS/IT - Papier / Couverts / Etiketten / â€¦,product_category_sa_Papier/Couverts/Etiketten/â€¦,True,False,consu,scenario.res_users_rgl,,,,TVA 8.0% sur invest. et autres ch. (Incl. TN),TVA due a 8.0% (TN),
product_template_sa_SA-Infrastrukturintern(Beispielartikel),SA/IS/IT - Infrastruktur intern,product_category_sa_Infrastrukturintern,True,False,consu,scenario.res_users_rgl,,,,TVA 8.0% sur invest. et autres ch. (Incl. TN),TVA due a 8.0% (TN),
product_template_sa_SA-Security(Beispielartikel),SA/IS/IT - Security,product_category_sa_Security,True,False,consu,scenario.res_users_rgl,,,,TVA 8.0% sur invest. et autres ch. (Incl. TN),TVA due a 8.0% (TN),
product_template_sa_SA-TelekommunikationTelefon(Beispielartikel),SA/IS/IT - Telekommunikation Telefon,product_category_sa_TelekommunikationTelefon,True,False,consu,scenario.res_users_rgl,,,,TVA 8.0% sur invest. et autres ch. (Incl. TN),TVA due a 8.0% (TN),
product_template_sa_SA-TelekommunikationInternet(Beispielartikel),SA/IS/IT - Telekommunikation Internet,product_category_sa_TelekommunikationInternet,True,False,consu,scenario.res_users_rgl,,,,TVA 8.0% sur invest. et autres ch. (Incl. TN),TVA due a 8.0% (TN),
product_template_sa_SA-SupportIT(Beispielartikel),SA/IS/IT - Support IT,product_category_sa_SupportIT,True,False,consu,scenario.res_users_rgl,,,,TVA 8.0% sur invest. et autres ch. (Incl. TN),TVA due a 8.0% (TN),
product_template_sa_SA-BeschaffungDivers(Beispielartikel),SA/IS/Nst - Beschaffung Divers,product_category_sa_BeschaffungDivers,True,False,consu,scenario.res_users_rgl,,,,TVA 8.0% sur invest. et autres ch. (Incl. TN),TVA due a 8.0% (TN),
product_template_sa_SA-Hardware(Beispielartikel),SA/IS/Nst - Hardware,product_category_sa_Hardware,True,False,consu,scenario.res_users_rgl,,,,TVA 8.0% sur invest. et autres ch. (Incl. TN),TVA due a 8.0% (TN),
product_template_sa_SA-HardwareKleininvestitionen(Beispielartikel),SA/IS/Nst- Hardware Kleininvestitionen,product_category_sa_HardwareKleininvestitionen,True,False,consu,scenario.res_users_rgl,,,,TVA 8.0% sur invest. et autres ch. (Incl. TN),TVA due a 8.0% (TN),
product_template_sa_SA-Software(Beispielartikel),SA/IS/Nst - Software,product_category_sa_Software,True,False,consu,scenario.res_users_rgl,,,,TVA 8.0% sur invest. et autres ch. (Incl. TN),TVA due a 8.0% (TN),
product_template_sa_SA-SoftwareKleininvestitionen(Beispielartikel),SA/IS/Nst - Software Kleininvestitionen,product_category_sa_SoftwareKleininvestitionen,True,False,consu,scenario.res_users_rgl,,,,TVA 8.0% sur invest. et autres ch. (Incl. TN),TVA due a 8.0% (TN),
product_template_sa_SA-SchulungNst(Beispielartikel),SA/IS/Nst - Schulung Nst,product_category_sa_SchulungNst,True,False,consu,scenario.res_users_rgl,,,,TVA 8.0% sur invest. et autres ch. (Incl. TN),TVA due a 8.0% (TN),
product_template_sa_SA-AnschaffungenPM(Beispielartikel),SA/PM - Anschaffungen PM,product_category_sa_AnschaffungenPM,True,False,consu,scenario.res_users_rmo,,,,TVA 8.0% sur invest. et autres ch. (Incl. TN),TVA due a 8.0% (TN),
product_template_sa_SA-Entwicklung(Beispielartikel),SA/PM - Entwicklung,product_category_sa_Entwicklung,True,False,consu,scenario.res_users_rmo,,,,TVA 8.0% sur invest. et autres ch. (Incl. TN),TVA due a 8.0% (TN),
product_template_sa_SA-Unterhalt/ReparaturenPM(Beispielartikel),SA/PM - Unterhalt / Reparaturen PM,product_category_sa_Unterhalt/ReparaturenPM,True,False,consu,scenario.res_users_rmo,,,,TVA 8.0% sur invest. et autres ch. (Incl. TN),TVA due a 8.0% (TN),
product_template_sa_SA-KleininvestitionenPM(Beispielartikel),SA/PM - Kleininvestitionen PM,product_category_sa_KleininvestitionenPM,True,False,consu,scenario.res_users_rmo,,,,TVA 8.0% sur invest. et autres ch. (Incl. TN),TVA due a 8.0% (TN),
product_template_sa_SA-Werkzeuge/Tools(Beispielartikel),SA/PM - Werkzeuge / Tools,product_category_sa_Werkzeuge/Tools,True,False,consu,scenario.res_users_rmo,,,,TVA 8.0% sur invest. et autres ch. (Incl. TN),TVA due a 8.0% (TN),
product_template_sa_SA-ForschungundEntwicklungBEG(Beispielartikel),SA/PM - Forschung und Entwicklung BEG,product_category_sa_ForschungundEntwicklungBEG,True,False,consu,scenario.res_users_rmo,,,,TVA 8.0% sur invest. et autres ch. (Incl. TN),TVA due a 8.0% (TN),
product_template_sa_SA-ForschungundEntwicklungLEUCHTEN(Beispielartikel),SA/PM - Forschung und Entwicklung LEUCHTEN,product_category_sa_ForschungundEntwicklungLEUCHTEN,True,False,consu,scenario.res_users_rmo,,,,TVA 8.0% sur invest. et autres ch. (Incl. TN),TVA due a 8.0% (TN),
product_template_sa_SA-Produktprüfungen(CEPrüfungen)(Beispielartikel),SA/PM - Produktprüfungen (CE Prüfungen ...),product_category_sa_Produktprüfungen(CEPrüfungen),True,False,consu,scenario.res_users_rmo,,,,TVA 8.0% sur invest. et autres ch. (Incl. TN),TVA due a 8.0% (TN),
product_template_sa_SA-KleininvestitionenVerkauf(Beispielartikel),SA/VK - Kleininvestitionen Verkauf,product_category_sa_KleininvestitionenVerkauf,True,False,consu,scenario.res_users_sku,,,,TVA 8.0% sur invest. et autres ch. (Incl. TN),TVA due a 8.0% (TN),
product_template_sa_SA-Kundenpflege(Beispielartikel),SA/VK - Kundenpflege,product_category_sa_Kundenpflege,True,False,consu,scenario.res_users_sku,,,,TVA 8.0% sur invest. et autres ch. (Incl. TN),TVA due a 8.0% (TN),
product_template_sa_SA-Übernachtungsspesen(Beispielartikel),SA/VK - Übernachtungsspesen,product_category_sa_Übernachtungsspesen,True,False,consu,scenario.res_users_sku,,,,TVA 8.0% sur invest. et autres ch. (Incl. TN),TVA due a 8.0% (TN),
product_template_sa_SA-Unterhalt/ReparaturenFahrzeuge(Beispielartikel),SA/VK - Unterhalt / Reparaturen Fahrzeuge,product_category_sa_Unterhalt/ReparaturenFahrzeuge,True,False,consu,scenario.res_users_sku,,,,TVA 8.0% sur invest. et autres ch. (Incl. TN),TVA due a 8.0% (TN),
product_template_sa_SA-Kundenanlässe(Beispielartikel),SA/VK - Kundenanlässe,product_category_sa_Kundenanlässe,True,False,consu,scenario.res_users_sku,,,,TVA 8.0% sur invest. et autres ch. (Incl. TN),TVA due a 8.0% (TN),
product_template_sa_SA-Kundenspesen(Beispielartikel),SA/VK - Kundenspesen,product_category_sa_Kundenspesen,True,False,consu,scenario.res_users_sku,,,,TVA 8.0% sur invest. et autres ch. (Incl. TN),TVA due a 8.0% (TN),
product_template_sa_SA-Seminar/Kurs(Beispielartikel),SA/ALLE - Seminar / Kurs,product_category_sa_Aus-undWeiterbildung/Seminare(inklAn-/Rückreise/Übernachtungetc),True,False,consu,scenario.res_users_cfr,,,,TVA 8.0% sur invest. et autres ch. (Incl. TN),TVA due a 8.0% (TN),
product_template_sa_SA-Reisespesen(Beispielartikel),SA/ALLE - Reisespesen,product_category_sa_Reisespesen,True,False,consu,scenario.res_users_cfr,,,,TVA 8.0% sur invest. et autres ch. (Incl. TN),TVA due a 8.0% (TN),
product_template_sa_SA-EPMSkonti,SA/ALLE – Einkaufspreisminderung Skonti Divers,product_category_sa_EKPM,True,False,consu,scenario.res_users_sgl,,,,TVA 8.0% sur invest. et autres ch. (TN),TVA due a 8.0% (TN),
product_template_sa_SA-Rabatte/PreisnachlässeD,SA/ALLE – Einkaufspreisminderung Rabatte Divers,product_category_sa_EKPM,True,False,consu,scenario.res_users_sgl,,,,TVA 8.0% sur invest. et autres ch. (TN),TVA due a 8.0% (TN),
product_template_sa_SA-EPMRückvergütungen,SA/ALLE – Einkaufspreisminderung Rückvergütungen Divers,product_category_sa_EKPM,True,False,consu,scenario.res_users_sgl,,,,TVA 8.0% sur invest. et autres ch. (TN),TVA due a 8.0% (TN),
product_template_sa_SA-EPMEinkaufsprovisionen,SA/ALLE – Einkaufspreisminderung Einkaufsprovisionen Divers,product_category_sa_EKPM,True,False,consu,scenario.res_users_sgl,,,,TVA 8.0% sur invest. et autres ch. (TN),TVA due a 8.0% (TN),
